0,1,2,3
単勝,7,360,2
複勝,7br1br3,"250br630br5,760",2br4br12
枠連,1 - 4,1850,5
馬連,1 - 7,2330,7
ワイド,1 - 7br3 - 7br1 - 3,"730br8,320br18,300",6br46br62
馬単,7 → 1,3650,10
三連複,1 - 3 - 7,98210,116
三連単,7 → 1 → 3,280650,403
単勝,7,590,3
複勝,7br2br16,140br110br120,3br1br2
枠連,1 - 4,470,2
馬連,2 - 7,430,2
ワイド,2 - 7br7 - 16br2 - 16,210br360br170,2br5br1
馬単,7 → 2,1200,5
三連複,2 - 7 - 16,580,1
三連単,7 → 2 → 16,3750,8
単勝,15,390,3
複勝,15br6br16,"190br150br1,010",4br1br9
枠連,3 - 8,670,2
馬連,6 - 15,560,2
ワイド,6 - 15br15 - 16br6 - 16,"350br5,400br3,130",2br37br26
馬単,15 → 6,1130,3
三連複,6 - 15 - 16,17360,43
三連単,15 → 6 → 16,53210,145
単勝,1,270,1
複勝,1br10br15,150br220br200,1br5br4
枠連,1 - 5,1890,9
馬連,1 - 10,1990,8
ワイド,1 - 10br1 - 15br10 - 15,"810br440br1,060",9br2br14
馬単,1 → 10,3060,11
三連複,1 - 10 - 15,3980,11
三連単,1 → 10 → 15,18060,53
単勝,6,160,1
複勝,6br5br8,110br290br210,1br6br4
枠連,5 - 6,1170,5
馬連,5 - 6,1210,5
ワイド,5 - 6br6 - 8br5 - 8,"450br330br1,630",5br3br18
馬単,6 → 5,1410,6
三連複,5 - 6 - 8,2770,11
三連単,6 → 5 → 8,7930,25
単勝,8,170,1
複勝,8br14br10,110br150br800,1br2br10
枠連,5 - 8,270,1
馬連,8 - 14,340,1
ワイド,8 - 14br8 - 10br10 - 14,"210br1,300br2,840",1br13br30
馬単,8 → 14,460,1
三連複,8 - 10 - 14,5390,18
三連単,8 → 14 → 10,11110,33
単勝,1,540,2
複勝,1br8br16,160br120br240,2br1br5
枠連,1 - 4,410,1
馬連,1 - 8,630,1
ワイド,1 - 8br1 - 16br8 - 16,300br790br460,1br6br3
馬単,1 → 8,1310,2
三連複,1 - 8 - 16,2010,2
三連単,1 → 8 → 16,8030,7
単勝,3,510,1
複勝,3br6br1,210br500br780,1br7br12
枠連,2 - 3,3570,19
馬連,3 - 6,5680,17
ワイド,3 - 6br1 - 3br1 - 6,"2,380br3,290br5,420",27br48br60
馬単,3 → 6,8790,32
三連複,1 - 3 - 6,46250,148
三連単,3 → 6 → 1,193350,679
単勝,12,840,5
複勝,12br11br7,310br250br220,6br4br3
枠連,6 - 6,3020,14
馬連,11 - 12,2810,9
ワイド,11 - 12br7 - 12br7 - 11,"1,270br1,360br930",13br16br7
馬単,12 → 11,5380,17
三連複,7 - 11 - 12,6890,13
三連単,12 → 11 → 7,33860,61
単勝,15,430,2
複勝,15br16br9,170br160br300,2br1br7
枠連,8 - 8,760,4
馬連,15 - 16,770,1
ワイド,15 - 16br9 - 15br9 - 16,350br900br770,1br6br4
馬単,15 → 16,1440,2
三連複,9 - 15 - 16,2570,2
三連単,15 → 16 → 9,9230,8
単勝,7,430,2
複勝,7br8br1,200br290br830,2br5br11
枠連,4 - 4,2820,13
馬連,7 - 8,2550,8
ワイド,7 - 8br1 - 7br1 - 8,"830br3,040br3,950",7br35br45
馬単,7 → 8,3990,12
三連複,1 - 7 - 8,28440,92
三連単,7 → 8 → 1,107910,333
単勝,7,3730,11
複勝,7br6br8,840br310br380,10br4br5
枠連,3 - 4,1920,9
馬連,6 - 7,14650,39
ワイド,6 - 7br7 - 8br6 - 8,"3,370br3,150br1,560",37br34br14
馬単,7 → 6,33180,86
三連複,6 - 7 - 8,33160,100
三連単,7 → 6 → 8,316260,799
単勝,4,130,1
複勝,4br8br11,"110br140br1,120",1br2br14
枠連,2 - 4,250,1
馬連,4 - 8,330,1
ワイド,4 - 8br4 - 11br8 - 11,"170br1,950br4,850",1br20br42
馬単,4 → 8,390,1
三連複,4 - 8 - 11,8000,24
三連単,4 → 8 → 11,20770,57
単勝,6,350,2
複勝,6br11br7,140br330br710,1br5br9
枠連,3 - 6,670,2
馬連,6 - 11,1830,6
ワイド,6 - 11br6 - 7br7 - 11,"690br1,490br3,580",5br17br34
馬単,6 → 11,3190,9
三連複,6 - 7 - 11,12390,37
三連単,6 → 11 → 7,52130,157
単勝,13,490,4
複勝,13br10br8,150br150br140,4br2br1
枠連,5 - 7,1110,6
馬連,10 - 13,1310,6
ワイド,10 - 13br8 - 13br8 - 10,520br430br350,6br4br1
馬単,13 → 10,2910,12
三連複,8 - 10 - 13,1570,3
三連単,13 → 10 → 8,9750,22
単勝,6,780,4
複勝,6br8br7,210br190br220,4br3br5
枠連,5 - 6,690,4
馬連,6 - 8,1780,8
ワイド,6 - 8br6 - 7br7 - 8,620br800br670,9br13br10
馬単,6 → 8,4030,20
三連複,6 - 7 - 8,3710,18
三連単,6 → 8 → 7,21680,96
単勝,5,790,4
複勝,5br1br10,"290br310br1,370",5br6br11
枠連,1 - 3,3800,14
馬連,1 - 5,4220,19
ワイド,1 - 5br5 - 10br1 - 10,"1,370br5,870br5,420",18br51br50
馬単,5 → 1,7680,34
三連複,1 - 5 - 10,66450,148
三連単,5 → 1 → 10,255360,634
単勝,5,430,2
複勝,5br3br4,140br970br110,2br10br1
枠連,2 - 3,250,1
馬連,3 - 5,18260,29
ワイド,3 - 5br4 - 5br3 - 4,"2,960br190br1,900",28br1br19
馬単,5 → 3,30490,50
三連複,3 - 4 - 5,5300,16
三連単,5 → 3 → 4,69620,154
単勝,7,1820,9
複勝,7br12br14,520br240br370,8br3br7
枠連,4 - 6,5300,18
馬連,7 - 12,4670,20
ワイド,7 - 12br7 - 14br12 - 14,"1,530br2,480br1,470",21br37br20
馬単,7 → 12,11360,49
三連複,7 - 12 - 14,20010,78
三連単,7 → 12 → 14,128590,463
単勝,6,390,2
複勝,6br2br4,120br180br110,2br4br1
枠連,1 - 3,1060,5
馬連,2 - 6,1510,5
ワイド,2 - 6br4 - 6br2 - 4,520br190br360,7br1br2
馬単,6 → 2,2640,9
三連複,2 - 4 - 6,890,1
三連単,6 → 2 → 4,7090,15
単勝,7,500,3
複勝,7br2,240br390,3br6
馬連,2 - 7,1960,12
ワイド,2 - 7br1 - 7br1 - 2,600br500br560,12br8br10
馬単,7 → 2,3530,20
三連複,1 - 2 - 7,3180,15
三連単,7 → 2 → 1,19390,91
単勝,15,540,3
複勝,15br3br7,190br140br370,3br1br6
枠連,2 - 8,540,2
馬連,3 - 15,720,2
ワイド,3 - 15br7 - 15br3 - 7,"380br1,680br910",2br20br9
馬単,15 → 3,1790,5
三連複,3 - 7 - 15,4460,12
三連単,15 → 3 → 7,21970,56
単勝,3,550,3
複勝,3br6br7,"200br210br1,100",2br3br13
枠連,2 - 3,1190,5
馬連,3 - 6,1260,3
ワイド,3 - 6br3 - 7br6 - 7,"530br3,160br4,360",2br38br46
馬単,3 → 6,2370,5
三連複,3 - 6 - 7,21910,68
三連単,3 → 6 → 7,83460,265
単勝,16,770,3
複勝,16br4br9,230br140br190,4br1br3
枠連,2 - 8,960,3
馬連,4 - 16,1150,3
ワイド,4 - 16br9 - 16br4 - 9,520br900br460,4br9br2
馬単,16 → 4,3000,7
三連複,4 - 9 - 16,2870,5
三連単,16 → 4 → 9,16850,33
単勝,3,830,5
複勝,3br6br5,280br610br160,5br10br2
枠連,2 - 3,860,2
馬連,3 - 6,8500,31
ワイド,3 - 6br3 - 5br5 - 6,"2,590br650br1,430",35br5br18
馬単,3 → 6,18220,64
三連複,3 - 5 - 6,8380,30
三連単,3 → 6 → 5,72360,272
単勝,13,230,1
複勝,13br1br15,150br460br440,1br6br5
枠連,1 - 7,2390,8
馬連,1 - 13,3560,9
ワイド,1 - 13br13 - 15br1 - 15,"1,440br520br5,730",13br6br43
馬単,13 → 1,4720,16
三連複,1 - 13 - 15,21270,51
三連単,13 → 1 → 15,66280,174
単勝,9,200,1
複勝,9br13br8,110br140br200,1br2br4
枠連,5 - 7,380,1
馬連,9 - 13,360,1
ワイド,9 - 13br8 - 9br8 - 13,200br370br580,1br4br7
馬単,9 → 13,510,1
三連複,8 - 9 - 13,1270,3
三連単,9 → 13 → 8,3840,6
単勝,12,280,2
複勝,12br11br3,110br220br110,2br4br1
枠連,6 - 6,2250,7
馬連,11 - 12,2150,6
ワイド,11 - 12br3 - 12br3 - 11,510br140br540,5br1br6
馬単,12 → 11,3040,7
三連複,3 - 11 - 12,920,2
三連単,12 → 11 → 3,8340,18
単勝,7,380,3
複勝,7br16br9,140br140br180,3br2br4
枠連,4 - 8,690,3
馬連,7 - 16,890,4
ワイド,7 - 16br7 - 9br9 - 16,400br580br390,5br7br4
馬単,7 → 16,1730,7
三連複,7 - 9 - 16,2130,5
三連単,7 → 16 → 9,9690,22
単勝,8,570,3
複勝,8br2br6,190br210br190,3br4br2
枠連,1 - 4,360,1
馬連,2 - 8,2200,7
ワイド,2 - 8br6 - 8br2 - 6,770br430br770,7br4br6
馬単,8 → 2,4220,13
三連複,2 - 6 - 8,3910,8
三連単,8 → 2 → 6,24190,65
単勝,4,1930,5
複勝,4br3br9,310br280br110,6br5br1
枠連,3 - 4,9570,16
馬連,3 - 4,10300,21
ワイド,3 - 4br4 - 9br3 - 9,"2,080br560br600",19br6br7
馬単,4 → 3,30260,41
三連複,3 - 4 - 9,5090,15
三連単,4 → 3 → 9,82390,166
単勝,15,210,1
複勝,15br16br10,130br420br170,1br7br2
枠連,8 - 8,2590,12
馬連,15 - 16,2670,10
ワイド,15 - 16br10 - 15br10 - 16,"880br320br1,840",12br1br20
馬単,15 → 16,3780,12
三連複,10 - 15 - 16,4390,12
三連単,15 → 16 → 10,23100,70
単勝,1,780,4
複勝,1br16br10,180br170br140,3br2br1
枠連,1 - 8,860,6
馬連,1 - 16,1640,6
ワイド,1 - 16br1 - 10br10 - 16,580br580br420,5br4br1
馬単,1 → 16,3400,10
三連複,1 - 10 - 16,2590,4
三連単,1 → 16 → 10,16620,34
単勝,6,240,1
複勝,6br8br9,120br280br140,1br6br2
枠連,4 - 5,330,1
馬連,6 - 8,1980,7
ワイド,6 - 8br6 - 9br8 - 9,610br220br830,7br1br11
馬単,6 → 8,3160,11
三連複,6 - 8 - 9,2060,5
三連単,6 → 8 → 9,10920,26
単勝,10,320,1
複勝,10br8br3,140br150br150,1br2br3
枠連,7 - 8,730,2
馬連,8 - 10,800,1
ワイド,8 - 10br3 - 10br3 - 8,370br370br390,1br2br3
馬単,10 → 8,1360,1
三連複,3 - 8 - 10,1470,1
三連単,10 → 8 → 3,6100,3
単勝,4,460,2
複勝,4br3br1,210br280br850,2br3br7
枠連,3 - 4,1580,6
馬連,3 - 4,1490,6
ワイド,3 - 4br1 - 4br1 - 3,"510br1,490br1,930",5br14br16
馬単,4 → 3,2710,11
三連複,1 - 3 - 4,9550,25
三連単,4 → 3 → 1,37710,105
単勝,9,700,5
複勝,9br4br10,230br180br180,5br3br2
枠連,3 - 5,1650,9
馬連,4 - 9,1880,7
ワイド,4 - 9br9 - 10br4 - 10,720br890br710,6br10br5
馬単,9 → 4,3660,15
三連複,4 - 9 - 10,4250,12
三連単,9 → 4 → 10,20980,53
単勝,9,490,2
複勝,9br11br12,"200br220br1,240",2br3br12
枠連,5 - 6,1100,3
馬連,9 - 11,1390,4
ワイド,9 - 11br9 - 12br11 - 12,"560br4,970br4,170",3br49br45
馬単,9 → 11,2880,9
三連複,9 - 11 - 12,18220,55
三連単,9 → 11 → 12,66710,188
単勝,3,590,3
複勝,3br7br4,210br230br420,2br5br6
枠連,2 - 4,390,1
馬連,3 - 7,1580,7
ワイド,3 - 7br3 - 4br4 - 7,"690br1,260br1,220",9br14br13
馬単,3 → 7,3340,14
三連複,3 - 4 - 7,6600,20
三連単,3 → 7 → 4,26460,87
単勝,1,220,1
複勝,1br11br8,130br160br250,1br3br4
枠連,1 - 8,560,2
馬連,1 - 11,720,2
ワイド,1 - 11br1 - 8br8 - 11,330br670br970,2br7br12
馬単,1 → 11,1060,3
三連複,1 - 8 - 11,2750,7
三連単,1 → 11 → 8,8080,18
単勝,11,190,1
複勝,11br3br4,110br150br230,1br3br5
枠連,2 - 6,380,2
馬連,3 - 11,590,2
ワイド,3 - 11br4 - 11br3 - 4,290br480br910,3br5br12
馬単,11 → 3,830,2
三連複,3 - 4 - 11,2240,9
三連単,11 → 3 → 4,6190,14
単勝,2,2050,5
複勝,2br1br8,410br620br690,5br6br7
枠連,1 - 2,9390,16
馬連,1 - 2,12300,21
ワイド,1 - 2br2 - 8br1 - 8,"2,410br2,940br4,750",18br21br25
馬単,2 → 1,25240,42
三連複,1 - 2 - 8,32370,51
三連単,2 → 1 → 8,294530,294
単勝,14,1320,6
複勝,14br6br8,350br170br860,6br1br10
枠連,4 - 8,1200,5
馬連,6 - 14,2060,8
ワイド,6 - 14br8 - 14br6 - 8,"720br6,850br2,300",6br60br24
馬単,14 → 6,4610,19
三連複,6 - 8 - 14,22530,75
三連単,14 → 6 → 8,117580,363
単勝,5,300,1
複勝,5br12br8,140br130br370,2br1br7
枠連,5 - 8,360,1
馬連,5 - 12,580,1
ワイド,5 - 12br5 - 8br8 - 12,"270br1,100br1,410",1br16br19
馬単,5 → 12,950,1
三連複,5 - 8 - 12,4440,15
三連単,5 → 12 → 8,14670,51
単勝,11,280,1
複勝,11br6br9,120br140br160,1br2br3
枠連,5 - 8,450,1
馬連,6 - 11,810,1
ワイド,6 - 11br9 - 11br6 - 9,340br350br430,1br2br4
馬単,11 → 6,1320,2
三連複,6 - 9 - 11,1340,1
三連単,11 → 6 → 9,5830,2
単勝,2,1630,7
複勝,2br10br9,450br200br200,7br3br4
枠連,2 - 8,2280,11
馬連,2 - 10,5620,20
ワイド,2 - 10br2 - 9br9 - 10,"1,560br1,600br700",19br20br12
馬単,2 → 10,11460,39
三連複,2 - 9 - 10,12350,39
三連単,2 → 10 → 9,85190,242
単勝,15,310,1
複勝,15br5br3,160br280br380,1br5br6
枠連,3 - 8,1290,4
馬連,5 - 15,1860,6
ワイド,5 - 15br3 - 15br3 - 5,"820br810br2,120",8br7br27
馬単,15 → 5,2850,6
三連複,3 - 5 - 15,6860,22
三連単,15 → 5 → 3,27270,76
単勝,10,2560,7
複勝,10br13br5,580br640br350,7br8br5
枠連,5 - 7,11050,27
馬連,10 - 13,31450,57
ワイド,10 - 13br5 - 10br5 - 13,"6,110br3,630br3,270",50br35br32
馬単,10 → 13,61970,113
三連複,5 - 10 - 13,72480,161
三連単,10 → 13 → 5,588640,1041
単勝,14,1990,6
複勝,14br15br5,570br190br160,7br4br2
枠連,7 - 8,1770,7
馬連,14 - 15,5010,15
ワイド,14 - 15br5 - 14br5 - 15,"1,510br1,350br460",17br15br5
馬単,14 → 15,11880,34
三連複,5 - 14 - 15,5850,18
三連単,14 → 15 → 5,49780,144
単勝,13,130,1
複勝,13br16br8,110br230br810,1br3br9
枠連,7 - 8,520,2
馬連,13 - 16,550,2
ワイド,13 - 16br8 - 13br8 - 16,"350br1,380br7,110",2br13br41
馬単,13 → 16,760,2
三連複,8 - 13 - 16,10770,30
三連単,13 → 16 → 8,21470,57
単勝,9,220,1
複勝,9br13br16,110br180br520,1br3br7
枠連,5 - 7,650,3
馬連,9 - 13,640,2
ワイド,9 - 13br9 - 16br13 - 16,"320br910br1,790",2br10br20
馬単,9 → 13,990,3
三連複,9 - 13 - 16,3440,12
三連単,9 → 13 → 16,11120,35
単勝,5,1850,7
複勝,5br15br4,350br140br330,7br1br5
枠連,3 - 8,1550,6
馬連,5 - 15,2160,7
ワイド,5 - 15br4 - 5br4 - 15,"880br1,900br780",11br21br8
馬単,5 → 15,5520,22
三連複,4 - 5 - 15,7030,22
三連単,5 → 15 → 4,51600,169
単勝,1,270,1
複勝,1br5br11,130br180br130,1br4br2
枠連,1 - 3,1270,5
馬連,1 - 5,1290,5
ワイド,1 - 5br1 - 11br5 - 11,490br260br430,5br1br4
馬単,1 → 5,1830,4
三連複,1 - 5 - 11,1120,2
三連単,1 → 5 → 11,6610,12
単勝,2,270,2
複勝,2br9br5,140br500br130,2br8br1
枠連,1 - 5,1630,5
馬連,2 - 9,4400,13
ワイド,2 - 9br2 - 5br5 - 9,"1,240br190br1,300",14br1br17
馬単,2 → 9,5980,19
三連複,2 - 5 - 9,3620,10
三連単,2 → 9 → 5,23080,69
単勝,16,300,1
複勝,16br2br4,160br190br440,1br3br7
枠連,1 - 8,470,1
馬連,2 - 16,1050,3
ワイド,2 - 16br4 - 16br2 - 4,"410br1,060br1,520",2br13br18
馬単,16 → 2,1650,2
三連複,2 - 4 - 16,5880,20
三連単,16 → 2 → 4,19010,52
単勝,11,700,4
複勝,11br10br9,230br150br300,4br1br6
枠連,7 - 7,1060,4
馬連,10 - 11,1060,4
ワイド,10 - 11br9 - 11br9 - 10,"460br1,420br980",4br18br12
馬単,11 → 10,2440,10
三連複,9 - 10 - 11,5110,18
三連単,11 → 10 → 9,24220,80
単勝,5,1030,5
複勝,5br1br16,330br210br310,6br2br5
枠連,1 - 3,820,3
馬連,1 - 5,2370,8
ワイド,1 - 5br5 - 16br1 - 16,"950br1,960br1,240",8br28br14
馬単,5 → 1,5570,18
三連複,1 - 5 - 16,9060,31
三連単,5 → 1 → 16,55410,183
単勝,12,1370,5
複勝,12br14br11,280br200br120,5br3br1
枠連,6 - 7,390,1
馬連,12 - 14,4310,14
ワイド,12 - 14br11 - 12br11 - 14,"1,150br440br400",13br3br2
馬単,12 → 14,8930,31
三連複,11 - 12 - 14,2380,3
三連単,12 → 14 → 11,26910,77
単勝,4,720,4
複勝,4br12br11,210br130br200,4br1br3
枠連,4 - 8,1970,12
馬連,4 - 12,1680,6
ワイド,4 - 12br4 - 11br11 - 12,"540br1,050br330",4br14br2
馬単,4 → 12,4110,14
三連複,4 - 11 - 12,3480,9
三連単,4 → 12 → 11,24700,82
単勝,13,760,4
複勝,13br14br8,240br270br200,4br5br2
枠連,7 - 7,2950,13
馬連,13 - 14,3290,14
ワイド,13 - 14br8 - 13br8 - 14,"1,120br750br850",15br8br10
馬単,13 → 14,6190,26
三連複,8 - 13 - 14,6590,21
三連単,13 → 14 → 8,37600,115
単勝,8,490,2
複勝,8br11br15,190br250br300,3br4br6
枠連,4 - 6,2390,15
馬連,8 - 11,1850,6
ワイド,8 - 11br8 - 15br11 - 15,690br680br960,6br4br14
馬単,8 → 11,3880,12
三連複,8 - 11 - 15,5490,17
三連単,8 → 11 → 15,28140,88
単勝,12,160,1
複勝,12br6br13,"110br300br1,280",1br5br11
枠連,3 - 6,820,4
馬連,6 - 12,1060,4
ワイド,6 - 12br12 - 13br6 - 13,"470br2,010br13,440",4br20br55
馬単,12 → 6,1350,5
三連複,6 - 12 - 13,20930,46
三連単,12 → 6 → 13,50050,130
単勝,8,220,1
複勝,8br6br12,120br210br130,1br5br2
枠連,3 - 4,750,3
馬連,6 - 8,1550,6
ワイド,6 - 8br8 - 12br6 - 12,500br180br620,4br1br7
馬単,8 → 6,2320,8
三連複,6 - 8 - 12,1460,3
三連単,8 → 6 → 12,8070,17
単勝,13,710,3
複勝,13br11br6,170br150br110,3br2br1
枠連,7 - 8,1420,5
馬連,11 - 13,2040,7
ワイド,11 - 13br6 - 13br6 - 11,640br340br240,7br3br1
馬単,13 → 11,4470,15
三連複,6 - 11 - 13,1160,2
三連単,13 → 11 → 6,10720,25
単勝,5,8280,14
複勝,5br11br3,"2,560br720br930",14br7br9
枠連,3 - 6,3320,16
馬連,5 - 11,51430,84
ワイド,5 - 11br3 - 5br3 - 11,"12,950br26,160br6,510",86br102br59
馬単,5 → 11,94020,165
三連複,3 - 5 - 11,524760,446
三連単,5 → 11 → 3,3148140,2706
単勝,4,270,1
複勝,4br15br12,130br130br210,1br2br4
枠連,2 - 8,440,1
馬連,4 - 15,520,1
ワイド,4 - 15br4 - 12br12 - 15,250br430br480,1br3br4
馬単,4 → 15,820,1
三連複,4 - 12 - 15,1330,2
三連単,4 → 15 → 12,3980,2
単勝,8,620,3
複勝,8br6br2,210br330br500,3br5br7
馬連,6 - 8,3980,12
ワイド,6 - 8br2 - 8br2 - 6,"1,030br1,820br2,250",11br17br20
馬単,8 → 6,7170,21
三連複,2 - 6 - 8,16240,36
三連単,8 → 6 → 2,72770,159
単勝,10,650,4
複勝,10br11br4,210br220br150,5br6br2
枠連,8 - 8,1530,10
馬連,10 - 11,1770,9
ワイド,10 - 11br4 - 10br4 - 11,740br550br500,13br7br5
馬単,10 → 11,3060,14
三連複,4 - 10 - 11,2550,8
三連単,10 → 11 → 4,13510,45
単勝,6,170,1
複勝,6br15br8,110br250br180,1br5br3
枠連,3 - 8,910,4
馬連,6 - 15,1240,4
ワイド,6 - 15br6 - 8br8 - 15,"480br280br1,360",4br2br17
馬単,6 → 15,1430,4
三連複,6 - 8 - 15,2520,7
三連単,6 → 15 → 8,8480,16
単勝,7,170,1
複勝,7br9br3,110br300br330,1br4br7
枠連,6 - 7,680,4
馬連,7 - 9,1180,4
ワイド,7 - 9br3 - 7br3 - 9,"480br630br2,840",4br7br33
馬単,7 → 9,1510,3
三連複,3 - 7 - 9,5800,23
三連単,7 → 9 → 3,15350,46
単勝,12,200,1
複勝,12br13br10,"130br1,140br190",1br13br2
枠連,7 - 7,5040,16
馬連,12 - 13,6440,24
ワイド,12 - 13br10 - 12br10 - 13,"2,520br320br6,580",31br1br58
馬単,12 → 13,8250,23
三連複,10 - 12 - 13,15080,48
三連単,12 → 13 → 10,60740,179
単勝,5,360,2
複勝,5br9br6,140br120br160,2br1br3
枠連,3 - 5,290,1
馬連,5 - 9,560,1
ワイド,5 - 9br5 - 6br6 - 9,250br360br310,1br4br2
馬単,5 → 9,1150,2
三連複,5 - 6 - 9,870,1
三連単,5 → 9 → 6,4440,3
単勝,12,5950,8
複勝,12br6br4,"1,150br390br240",8br7br3
枠連,3 - 6,12170,21
馬連,6 - 12,32870,40
ワイド,6 - 12br4 - 12br4 - 6,"5,910br4,610br1,310",34br29br17
馬単,12 → 6,78460,81
三連複,4 - 6 - 12,60530,91
三連単,12 → 6 → 4,611100,679
単勝,6,250,1
複勝,6br8br13,120br170br170,1br2br3
枠連,3 - 4,760,3
馬連,6 - 8,770,2
ワイド,6 - 8br6 - 13br8 - 13,290br280br460,2br1br4
馬単,6 → 8,1230,1
三連複,6 - 8 - 13,1160,1
三連単,6 → 8 → 13,4160,2
単勝,3,280,2
複勝,3br2br4,120br110br860,2br1br11
枠連,1 - 2,240,1
馬連,2 - 3,270,1
ワイド,2 - 3br3 - 4br2 - 4,"160br1,880br2,040",1br19br21
馬単,3 → 2,610,2
三連複,2 - 3 - 4,4730,15
三連単,3 → 2 → 4,15930,43
単勝,13,570,3
複勝,13br3br11,160br110br360,3br1br8
枠連,3 - 8,420,2
馬連,3 - 13,590,2
ワイド,3 - 13br11 - 13br3 - 11,"260br1,230br900",2br18br13
馬単,13 → 3,1560,4
三連複,3 - 11 - 13,3240,10
三連単,13 → 3 → 11,16410,50
単勝,7,310,1
複勝,7br10br9,130br170br120,2br3br1
枠連,4 - 5,300,1
馬連,7 - 10,1070,3
ワイド,7 - 10br7 - 9br9 - 10,460br250br390,4br1br2
馬単,7 → 10,1770,5
三連複,7 - 9 - 10,1090,1
三連単,7 → 10 → 9,5580,6
単勝,16,720,4
複勝,16br10br15,250br320br490,4br5br7
枠連,5 - 8,1670,8
馬連,10 - 16,3690,14
ワイド,10 - 16br15 - 16br10 - 15,"1,370br1,430br1,850",15br16br23
馬単,16 → 10,6690,24
三連複,10 - 15 - 16,14360,50
三連単,16 → 10 → 15,69300,232
単勝,14,2910,11
複勝,14br15br11,880br980br170,11br12br1
枠連,7 - 8,9240,23
馬連,14 - 15,36890,66
ワイド,14 - 15br11 - 14br11 - 15,"7,550br1,670br1,860",59br19br23
馬単,14 → 15,78920,138
三連複,11 - 14 - 15,43650,121
三連単,14 → 15 → 11,408230,901
単勝,2,420,1
複勝,2br11br7,160br240br220,1br4br3
枠連,1 - 6,1290,6
馬連,2 - 11,1760,3
ワイド,2 - 11br2 - 7br7 - 11,690br520br880,3br2br6
馬単,2 → 11,3310,5
三連複,2 - 7 - 11,3690,3
三連単,2 → 11 → 7,17890,9
単勝,13,5220,9
複勝,13br3br10,740br130br130,9br2br1
枠連,3 - 8,5050,13
馬連,3 - 13,6050,18
ワイド,3 - 13br10 - 13br3 - 10,"1,500br1,690br240",18br23br1
馬単,13 → 3,18950,49
三連複,3 - 10 - 13,4170,14
三連単,13 → 3 → 10,52910,165
単勝,12,530,2
複勝,12br11br3,170br130br280,3br1br5
枠連,8 - 8,530,2
馬連,11 - 12,540,1
ワイド,11 - 12br3 - 12br3 - 11,"270br1,120br660",1br14br7
馬単,12 → 11,1340,3
三連複,3 - 11 - 12,2540,6
三連単,12 → 11 → 3,11380,22
単勝,5,260,1
複勝,5br4br13,"140br180br1,700",1br3br13
枠連,3 - 3,740,2
馬連,4 - 5,760,2
ワイド,4 - 5br5 - 13br4 - 13,"350br6,150br9,540",2br48br60
馬単,5 → 4,1280,2
三連複,4 - 5 - 13,34720,90
三連単,5 → 4 → 13,119040,337
単勝,2,14180,13
複勝,2br5br3,"2,590br220br190",14br4br3
枠連,1 - 3,10950,26
馬連,2 - 5,49850,58
ワイド,2 - 5br2 - 3br3 - 5,"10,240br7,620br670",61br52br7
馬単,2 → 5,128310,133
三連複,2 - 3 - 5,55980,125
三連単,2 → 5 → 3,785060,1097
単勝,8,3510,10
複勝,8br2br15,550br140br130,10br2br1
枠連,1 - 4,4890,14
馬連,2 - 8,7590,26
ワイド,2 - 8br8 - 15br2 - 15,"1,620br1,380br230",21br18br1
馬単,8 → 2,15130,49
三連複,2 - 8 - 15,4150,10
三連単,8 → 2 → 15,54230,185
単勝,13,150,1
複勝,13br6br2,110br950br150,1br12br2
枠連,4 - 8,3150,10
馬連,6 - 13,4770,16
ワイド,6 - 13br2 - 13br2 - 6,"1,640br240br3,770",19br1br35
馬単,13 → 6,5640,17
三連複,2 - 6 - 13,6120,22
三連単,13 → 6 → 2,25160,72
単勝,10,280,1
複勝,10br14br7,170br460br270,2br7br4
枠連,5 - 7,1580,7
馬連,10 - 14,2300,6
ワイド,10 - 14br7 - 10br7 - 14,"900br780br2,670",8br5br29
馬単,10 → 14,3440,10
三連複,7 - 10 - 14,8180,24
三連単,10 → 14 → 7,34490,98
単勝,10,6400,11
複勝,10br13br9,"1,070br150br1,080",11br1br13
枠連,5 - 7,3180,11
馬連,10 - 13,6160,17
ワイド,10 - 13br9 - 10br9 - 13,"2,640br15,770br2,520",27br89br25
馬単,10 → 13,22490,58
三連複,9 - 10 - 13,77280,171
三連単,10 → 13 → 9,1060990,1385
単勝,8,440,3
複勝,8br4br14,150br120br140,3br1br2
枠連,2 - 4,990,5
馬連,4 - 8,890,2
ワイド,4 - 8br8 - 14br4 - 14,370br390br270,3br4br1
馬単,8 → 4,1820,5
三連複,4 - 8 - 14,1080,1
三連単,8 → 4 → 14,6310,10
単勝,4,1160,5
複勝,4br2br6,270br710br130,4br11br1
枠連,2 - 3,1600,6
馬連,2 - 4,16070,43
ワイド,2 - 4br4 - 6br2 - 6,"3,500br410br1,520",39br2br17
馬単,4 → 2,30890,73
三連複,2 - 4 - 6,8600,29
三連単,4 → 2 → 6,99130,288
単勝,12,1260,5
複勝,12br10br15,400br580br260,6br10br3
枠連,5 - 6,4190,18
馬連,10 - 12,15560,50
ワイド,10 - 12br12 - 15br10 - 15,"4,350br2,450br2,490",50br28br30
馬単,12 → 10,25620,88
三連複,10 - 12 - 15,46060,154
三連単,12 → 10 → 15,282380,917
単勝,11,310,2
複勝,11br12br16,140br200br310,1br3br5
枠連,6 - 6,920,3
馬連,11 - 12,940,2
ワイド,11 - 12br11 - 16br12 - 16,370br690br920,2br6br8
馬単,11 → 12,1490,3
三連複,11 - 12 - 16,3780,8
三連単,11 → 12 → 16,13980,23
単勝,15,430,2
複勝,15br11br12,190br140br330,3br1br6
枠連,6 - 8,800,2
馬連,11 - 15,1070,3
ワイド,11 - 15br12 - 15br11 - 12,500br980br770,3br11br7
馬単,15 → 11,1870,3
三連複,11 - 12 - 15,4100,12
三連単,15 → 11 → 12,16090,33
単勝,11,140,1
複勝,11br14br10,110br150br210,1br2br4
枠連,6 - 7,370,1
馬連,11 - 14,510,1
ワイド,11 - 14br10 - 11br10 - 14,230br320br740,1br2br7
馬単,11 → 14,570,1
三連複,10 - 11 - 14,1180,1
三連単,11 → 14 → 10,2870,1
単勝,1,420,2
複勝,1br6br3,190br340br950,2br5br9
枠連,1 - 6,3220,12
馬連,1 - 6,3190,11
ワイド,1 - 6br1 - 3br3 - 6,"890br2,460br4,850",10br23br30
馬単,1 → 6,4660,15
三連複,1 - 3 - 6,23390,51
三連単,1 → 6 → 3,103880,215
単勝,4,220,1
複勝,4br10br5,130br180br200,1br3br5
枠連,4 - 7,510,1
馬連,4 - 10,940,4
ワイド,4 - 10br4 - 5br5 - 10,330br400br560,2br4br7
馬単,4 → 10,1170,3
三連複,4 - 5 - 10,1620,5
三連単,4 → 10 → 5,5420,8
単勝,15,1040,6
複勝,15br3br8,310br150br510,6br1br8
枠連,2 - 8,1420,6
馬連,3 - 15,2310,7
ワイド,3 - 15br8 - 15br3 - 8,"930br1,700br1,350",10br26br16
馬単,15 → 3,6060,27
三連複,3 - 8 - 15,10860,45
三連単,15 → 3 → 8,66870,272
単勝,16,110,1
複勝,16br1br6,100br270br110,1br7br2
枠連,1 - 8,1750,6
馬連,1 - 16,1540,3
ワイド,1 - 16br6 - 16br1 - 6,440br120br600,4br1br8
馬単,16 → 1,1840,5
三連複,1 - 6 - 16,990,2
三連単,16 → 1 → 6,4690,12
単勝,16,1290,4
複勝,16br2br4,710br330br770,4br2br5
枠連,1 - 8,2290,8
馬連,2 - 16,3690,9
ワイド,2 - 16br4 - 16br2 - 4,"1,140br2,640br830",11br21br8
馬単,16 → 2,8890,21
三連複,2 - 4 - 16,16130,42
三連単,16 → 2 → 4,101140,210
単勝,7,770,3
複勝,7br15br3,150br110br130,3br1br2
枠連,4 - 8,500,2
馬連,7 - 15,870,2
ワイド,7 - 15br3 - 7br3 - 15,350br500br210,2br4br1
馬単,7 → 15,2350,5
三連複,3 - 7 - 15,1020,1
三連単,7 → 15 → 3,7970,12
単勝,2,130,1
複勝,2br6br9,110br280br450,1br6br7
枠連,2 - 4,340,1
馬連,2 - 6,770,4
ワイド,2 - 6br2 - 9br6 - 9,"400br650br3,660",4br7br31
馬単,2 → 6,880,4
三連複,2 - 6 - 9,6270,19
三連単,2 → 6 → 9,12300,36
単勝,9,2160,7
複勝,9br5br10,"440br160br1,290",7br1br13
枠連,3 - 5,1720,7
馬連,5 - 9,3490,13
ワイド,5 - 9br9 - 10br5 - 10,"1,100br10,120br3,870",13br63br35
馬単,9 → 5,10330,34
三連複,5 - 9 - 10,57520,133
三連単,9 → 5 → 10,357730,721
単勝,12,530,3
複勝,12br9br3,"230br330br3,970",3br5br14
枠連,5 - 7,2180,11
馬連,9 - 12,2950,11
ワイド,9 - 12br3 - 12br3 - 9,"1,130br11,690br21,260",14br68br83
馬単,12 → 9,5460,22
三連複,3 - 9 - 12,129280,224
三連単,12 → 9 → 3,551670,1120
単勝,10,420,2
複勝,10br2br5,250br800br280,3br7br4
枠連,2 - 8,6390,17
馬連,2 - 10,5470,14
ワイド,2 - 10br5 - 10br2 - 5,"1,430br620br2,000",15br7br18
馬単,10 → 2,8510,23
三連複,2 - 5 - 10,10830,29
三連単,10 → 2 → 5,53240,135
単勝,9,260,1
複勝,9br7br10,140br880br170,1br12br2
枠連,4 - 5,2360,10
馬連,7 - 9,9080,31
ワイド,7 - 9br9 - 10br7 - 10,"2,710br360br3,840",34br1br47
馬単,9 → 7,12630,49
三連複,7 - 9 - 10,12830,42
三連単,9 → 7 → 10,77010,262
単勝,4,470,1
複勝,4br1br5,190br400br170,3br6br1
枠連,1 - 2,2560,12
馬連,1 - 4,3560,11
ワイド,1 - 4br4 - 5br1 - 5,"1,200br560br1,240",8br2br9
馬単,4 → 1,5460,14
三連複,1 - 4 - 5,5070,8
三連単,4 → 1 → 5,31350,52
単勝,1,840,3
複勝,1br8br5,280br380br330,3br6br4
枠連,1 - 4,1930,9
馬連,1 - 8,4510,15
ワイド,1 - 8br1 - 5br5 - 8,"1,380br1,510br2,160",14br15br23
馬単,1 → 8,8320,29
三連複,1 - 5 - 8,15040,44
三連単,1 → 8 → 5,93230,262
単勝,10,560,4
複勝,10br7br6,200br500br190,4br7br3
枠連,4 - 5,3820,19
馬連,7 - 10,6980,20
ワイド,7 - 10br6 - 10br6 - 7,"2,150br520br1,640",19br5br17
馬単,10 → 7,12270,38
三連複,6 - 7 - 10,11470,34
三連単,10 → 7 → 6,75670,243
単勝,3,150,1
複勝,3br10br12,110br310br520,1br5br9
枠連,2 - 6,390,2
馬連,3 - 10,1120,5
ワイド,3 - 10br3 - 12br10 - 12,"520br920br2,460",5br11br29
馬単,3 → 10,1420,5
三連複,3 - 10 - 12,5780,24
三連単,3 → 10 → 12,16060,53
単勝,2,180,1
複勝,2br13br4,120br230br320,1br4br7
枠連,1 - 7,1090,5
馬連,2 - 13,890,2
ワイド,2 - 13br2 - 4br4 - 13,"450br810br1,220",2br10br15
馬単,2 → 13,1180,2
三連複,2 - 4 - 13,3650,9
三連単,2 → 13 → 4,9910,17
単勝,1,290,1
複勝,1br6br12,140br320br160,1br7br2
枠連,1 - 4,2100,11
馬連,1 - 6,2660,11
ワイド,1 - 6br1 - 12br6 - 12,"1,020br340br1,030",12br1br13
馬単,1 → 6,3920,15
三連複,1 - 6 - 12,3730,9
三連単,1 → 6 → 12,21380,56
単勝,3,270,1
複勝,3br11br7,130br180br860,1br4br8
枠連,3 - 7,760,2
馬連,3 - 11,900,3
ワイド,3 - 11br3 - 7br7 - 11,"350br1,850br3,480",3br16br30
馬単,3 → 11,1510,4
三連複,3 - 7 - 11,13460,34
三連単,3 → 11 → 7,45210,129
単勝,2,150,1
複勝,2br15br6,110br150br680,1br2br11
枠連,1 - 8,200,1
馬連,2 - 15,430,1
ワイド,2 - 15br2 - 6br6 - 15,"230br1,320br3,430",1br13br33
馬単,2 → 15,570,1
三連複,2 - 6 - 15,5800,16
三連単,2 → 15 → 6,14190,34
単勝,4,3600,7
複勝,4br10br13,880br350br220,9br5br3
枠連,4 - 7,4770,12
馬連,4 - 10,30050,39
ワイド,4 - 10br4 - 13br10 - 13,"6,370br2,060br1,050",41br21br11
馬単,4 → 10,62840,78
三連複,4 - 10 - 13,50860,89
三連単,4 → 10 → 13,566470,617
単勝,10,810,4
複勝,10br11br5,230br160br190,5br2br3
枠連,5 - 6,1860,8
馬連,10 - 11,1860,6
ワイド,10 - 11br5 - 10br5 - 11,660br860br450,6br9br4
馬単,10 → 11,4350,15
三連複,5 - 10 - 11,3580,7
三連単,10 → 11 → 5,22840,62
単勝,5,490,2
複勝,5br12br2,210br240br200,5br6br3
枠連,4 - 8,2200,13
馬連,5 - 12,2130,13
ワイド,5 - 12br2 - 5br2 - 12,770br610br660,14br8br9
馬単,5 → 12,3830,22
三連複,2 - 5 - 12,3300,12
三連単,5 → 12 → 2,18590,68
単勝,3,2620,8
複勝,3br5br8,490br150br210,6br2br4
枠連,2 - 3,2570,9
馬連,3 - 5,6440,17
ワイド,3 - 5br3 - 8br5 - 8,"1,520br2,190br580",17br21br5
馬単,3 → 5,17980,50
三連複,3 - 5 - 8,12330,36
三連単,3 → 5 → 8,108630,275
単勝,8,9330,12
複勝,8br12br3,"1,290br220br200",12br3br2
枠連,6 - 8,7890,20
馬連,8 - 12,28330,48
ワイド,8 - 12br3 - 8br3 - 12,"6,430br4,980br830",51br44br8
馬単,8 → 12,69190,110
三連複,3 - 8 - 12,48060,110
三連単,8 → 12 → 3,561950,891
単勝,11,590,4
複勝,11br10br12,"240br1,750br220",4br12br3
枠連,6 - 7,650,3
馬連,10 - 11,21230,35
ワイド,10 - 11br11 - 12br10 - 12,"5,530br630br6,270",44br6br48
馬単,11 → 10,30520,67
三連複,10 - 11 - 12,30310,74
三連単,11 → 10 → 12,176940,429
単勝,6,1350,5
複勝,6br7br1,280br180br370,5br2br6
枠連,5 - 6,380,1
馬連,6 - 7,2590,9
ワイド,6 - 7br1 - 6br1 - 7,"830br1,990br1,100",9br23br12
馬単,6 → 7,6990,27
三連複,1 - 6 - 7,9100,31
三連単,6 → 7 → 1,56390,192
単勝,3,310,2
複勝,3br2br4,"140br1,720br130",2br15br1
枠連,1 - 2,5650,16
馬連,2 - 3,14130,37
ワイド,2 - 3br3 - 4br2 - 4,"3,280br240br4,220",36br1br40
馬単,3 → 2,17540,52
三連複,2 - 3 - 4,8540,27
三連単,3 → 2 → 4,66560,181
単勝,9,150,1
複勝,9br4br14,110br150br830,1br2br12
枠連,3 - 5,220,1
馬連,4 - 9,490,1
ワイド,4 - 9br9 - 14br4 - 14,"260br1,460br4,410",1br16br41
馬単,9 → 4,540,1
三連複,4 - 9 - 14,7900,27
三連単,9 → 4 → 14,19670,58
単勝,14,210,1
複勝,14br5br4,110br140br150,1br2br3
枠連,3 - 7,420,1
馬連,5 - 14,470,1
ワイド,5 - 14br4 - 14br4 - 5,210br280br450,1br2br3
馬単,14 → 5,750,1
三連複,4 - 5 - 14,1000,1
三連単,14 → 5 → 4,2720,1
単勝,10,300,2
複勝,10br13br1,150br210br370,2br3br5
枠連,6 - 8,750,3
馬連,10 - 13,1280,4
ワイド,10 - 13br1 - 10br1 - 13,"500br1,050br1,320",3br11br15
馬単,10 → 13,2440,7
三連複,1 - 10 - 13,5920,18
三連単,10 → 13 → 1,22160,62
単勝,12,2010,7
複勝,12br6br13,"560br1,290br2,260",6br11br13
枠連,3 - 6,3060,14
馬連,6 - 12,55220,66
ワイド,6 - 12br12 - 13br6 - 13,"9,450br15,940br36,820",59br76br99
馬単,12 → 6,81630,122
三連複,6 - 12 - 13,599940,380
三連単,12 → 6 → 13,3541540,2168
単勝,6,660,4
複勝,6br7,240br170,4br2
馬連,6 - 7,930,5
ワイド,6 - 7br4 - 6br4 - 7,"390br1,300br760",6br14br9
馬単,6 → 7,2130,10
三連複,4 - 6 - 7,5600,17
三連単,6 → 7 → 4,27440,75
単勝,1,4110,10
複勝,1br6br11,"1,290br630br470",10br9br8
枠連,1 - 3,10920,30
馬連,1 - 6,33740,58
ワイド,1 - 6br1 - 11br6 - 11,"8,380br6,970br3,130",57br53br32
馬単,1 → 6,66630,126
三連複,1 - 6 - 11,130330,235
三連単,1 → 6 → 11,1231860,1752
単勝,12,180,1
複勝,12br4br2,110br120br200,1br2br4
枠連,2 - 6,270,1
馬連,4 - 12,280,1
ワイド,4 - 12br2 - 12br2 - 4,170br450br560,1br4br6
馬単,12 → 4,380,1
三連複,2 - 4 - 12,1140,2
三連単,12 → 4 → 2,2390,2
単勝,15,2430,9
複勝,15br9br11,630br200br250,11br3br4
枠連,5 - 8,1570,7
馬連,9 - 15,9350,36
ワイド,9 - 15br11 - 15br9 - 11,"2,850br2,370br720",37br32br4
馬単,15 → 9,21950,78
三連複,9 - 11 - 15,14460,50
三連単,15 → 9 → 11,120080,423
単勝,8,1960,8
複勝,8br11br5,440br170br130,9br2br1
枠連,4 - 6,3800,13
馬連,8 - 11,6040,20
ワイド,8 - 11br5 - 8br5 - 11,"2,000br1,010br290",27br11br1
馬単,8 → 11,13310,38
三連複,5 - 8 - 11,4240,13
三連単,8 → 11 → 5,50120,142
単勝,5,540,3
複勝,5br13br16,180br510br160,3br9br1
枠連,3 - 7,6250,23
馬連,5 - 13,9120,31
ワイド,5 - 13br5 - 16br13 - 16,"2,660br520br1,630",31br3br22
馬単,5 → 13,16240,57
三連複,5 - 13 - 16,12380,41
三連単,5 → 13 → 16,92540,295
単勝,7,950,4
複勝,7br5br1,280br170br330,5br2br7
枠連,5 - 7,1060,3
馬連,5 - 7,1770,7
ワイド,5 - 7br1 - 7br1 - 5,"680br1,370br780",8br18br9
馬単,7 → 5,4270,18
三連複,1 - 5 - 7,4630,20
三連単,7 → 5 → 1,27320,107
単勝,12,320,2
複勝,12br7br5,130br110br600,2br1br8
枠連,4 - 6,310,1
馬連,7 - 12,360,1
ワイド,7 - 12br5 - 12br5 - 7,"200br1,690br1,290",1br21br15
馬単,12 → 7,770,2
三連複,5 - 7 - 12,3080,8
三連単,12 → 7 → 5,10880,25
単勝,2,610,2
複勝,2br9br10,100br100br130,2br1br3
枠連,2 - 8,150,1
馬連,2 - 9,170,1
ワイド,2 - 9br2 - 10br9 - 10,120br310br220,1br4br2
馬単,2 → 9,990,4
三連複,2 - 9 - 10,300,1
三連単,2 → 9 → 10,2560,8
単勝,11,560,3
複勝,11br3br7,"180br180br2,660",2br3br10
枠連,3 - 7,800,3
馬連,3 - 11,870,4
ワイド,3 - 11br7 - 11br3 - 7,"420br9,930br8,680",4br39br35
馬単,11 → 3,2170,9
三連複,3 - 7 - 11,36770,64
三連単,11 → 3 → 7,169760,313
単勝,13,210,1
複勝,13br6br11,120br150br200,1br2br5
枠連,3 - 7,470,1
馬連,6 - 13,650,1
ワイド,6 - 13br11 - 13br6 - 11,320br520br900,1br5br9
馬単,13 → 6,1000,2
三連複,6 - 11 - 13,2160,4
三連単,13 → 6 → 11,6420,8
単勝,4,3660,7
複勝,4br11br9,480br140br170,7br2br3
枠連,3 - 6,4490,12
馬連,4 - 11,6070,18
ワイド,4 - 11br4 - 9br9 - 11,"1,380br1,520br340",17br19br3
馬単,4 → 11,17200,43
三連複,4 - 9 - 11,7980,26
三連単,4 → 11 → 9,103450,249
単勝,6,290,2
複勝,6br3,150br340,1br5
馬連,3 - 6,1290,6
ワイド,3 - 6br5 - 6br3 - 5,340br160br370,8br1br9
馬単,6 → 3,2420,12
三連複,3 - 5 - 6,790,3
三連単,6 → 3 → 5,4980,23
単勝,4,4710,11
複勝,4br9br7,890br710br210,11br8br3
枠連,4 - 7,9110,27
馬連,4 - 9,27920,58
ワイド,4 - 9br4 - 7br7 - 9,"5,920br2,520br2,040",56br29br24
馬単,4 → 9,62500,117
三連複,4 - 7 - 9,51030,136
三連単,4 → 9 → 7,431990,930
単勝,6,1050,5
複勝,6br5br10,230br290br150,4br6br1
枠連,4 - 4,4210,16
馬連,5 - 6,4040,14
ワイド,5 - 6br6 - 10br5 - 10,"1,170br610br890",9br3br5
馬単,6 → 5,8490,36
三連複,5 - 6 - 10,4580,9
三連単,6 → 5 → 10,35280,80
単勝,2,420,3
複勝,2br5br3,210br520br520,3br7br9
枠連,2 - 5,940,4
馬連,2 - 5,4410,16
ワイド,2 - 5br2 - 3br3 - 5,"1,490br1,500br3,530",18br19br32
馬単,2 → 5,6960,22
三連複,2 - 3 - 5,19290,62
三連単,2 → 5 → 3,82630,249
単勝,5,340,1
複勝,5br10br3,150br300br200,1br6br3
枠連,5 - 8,750,1
馬連,5 - 10,2250,7
ワイド,5 - 10br3 - 5br3 - 10,"860br450br1,240",11br3br19
馬単,5 → 10,3680,11
三連複,3 - 5 - 10,3960,10
三連単,5 → 10 → 3,17730,38
単勝,6br11,990br120,8br1
複勝,6br11br2,590br130br360,8br1br6
枠連,4 - 6,2640,10
馬連,6 - 11,3620,13
ワイド,6 - 11br2 - 6br2 - 11,"1,300br5,570br810",13br46br6
馬単,6 → 11br11 → 6,"5,950br2,440",33br16
三連複,2 - 6 - 11,19150,60
三連単,6 → 11 → 2br11 → 6 → 2,"93,630br30,470",421br174
単勝,10,920,5
複勝,10br7br6,290br130br520,6br1br8
枠連,4 - 5,560,1
馬連,7 - 10,1320,5
ワイド,7 - 10br6 - 10br6 - 7,"550br1,740br910",5br21br6
馬単,10 → 7,2720,8
三連複,6 - 7 - 10,5460,13
三連単,10 → 7 → 6,29690,80
単勝,7,380,1
複勝,7br13br6,160br220br140,2br5br1
枠連,5 - 8,590,3
馬連,7 - 13,1620,6
ワイド,7 - 13br6 - 7br6 - 13,580br430br650,8br1br9
馬単,7 → 13,3070,14
三連複,6 - 7 - 13,2550,7
三連単,7 → 13 → 6,15530,45
単勝,8,580,3
複勝,8br9br11,200br220br670,3br4br8
枠連,5 - 5br5 - 6,"870br1,460",4br11
馬連,8 - 9br8 - 11,"780br3,920",6br22
ワイド,8 - 9br8 - 11br9 - 11,"660br2,050br1,850",6br21br17
馬単,8 → 9br8 → 11,"1,860br6,720",14br42
三連複,8 - 9 - 11,10990,32
三連単,8 → 9 → 11br8 → 11 → 9,"24,470br38,930",146br216
単勝,1,380,2
複勝,1br7br6,"190br1,110br240",3br9br5
枠連,1 - 4,1530,8
馬連,1 - 7,8060,16
ワイド,1 - 7br1 - 6br6 - 7,"2,450br500br3,030",20br3br27
馬単,1 → 7,11580,32
三連複,1 - 6 - 7,11670,25
三連単,1 → 7 → 6,68910,182
単勝,2,610,3
複勝,2br5br7,120br100br100,3br1br2
枠連,2 - 5,610,2
馬連,2 - 5,730,2
ワイド,2 - 5br2 - 7br5 - 7,190br210br110,2br3br1
馬単,2 → 5,1920,5
三連複,2 - 5 - 7,260,1
三連単,2 → 5 → 7,3970,12
単勝,2,340,2
複勝,2br1br8,120br120br110,2br3br1
枠連,1 - 2,590,3
馬連,1 - 2,560,3
ワイド,1 - 2br2 - 8br1 - 8,230br150br200,3br1br2
馬単,2 → 1,1060,5
三連複,1 - 2 - 8,290,1
三連単,2 → 1 → 8,2030,5
単勝,12,370,2
複勝,12br7br6,190br290br360,2br5br6
枠連,5 - 8,1940,7
馬連,7 - 12,4790,17
ワイド,7 - 12br6 - 12br6 - 7,"1,360br1,130br1,270",17br12br16
馬単,12 → 7,8770,28
三連複,6 - 7 - 12,15230,49
三連単,12 → 7 → 6,74350,232
単勝,12,1540,6
複勝,12br7br8,350br260br200,6br5br2
枠連,4 - 6,350,1
馬連,7 - 12,5410,18
ワイド,7 - 12br8 - 12br7 - 8,"1,430br1,180br680",15br12br6
馬単,12 → 7,10360,34
三連複,7 - 8 - 12,7740,20
三連単,12 → 7 → 8,61260,182
単勝,3,870,4
複勝,3br9br13,230br260br190,4br5br2
枠連,2 - 5,1430,5
馬連,3 - 9,4620,17
ワイド,3 - 9br3 - 13br9 - 13,"1,470br860br980",17br7br9
馬単,3 → 9,8710,31
三連複,3 - 9 - 13,6710,14
三連単,3 → 9 → 13,46000,122
単勝,14,2950,7
複勝,14br2br6,290br160br110,6br3br1
枠連,1 - 7,4020,11
馬連,2 - 14,4560,13
ワイド,2 - 14br6 - 14br2 - 6,920br640br270,11br6br1
馬単,14 → 2,15200,34
三連複,2 - 6 - 14,2330,7
三連単,14 → 2 → 6,37330,103
単勝,4,190,1
複勝,4br13br15,110br240br230,1br5br4
枠連,2 - 7,760,3
馬連,4 - 13,1060,5
ワイド,4 - 13br4 - 15br13 - 15,"420br420br1,130",3br4br12
馬単,4 → 13,1570,6
三連複,4 - 13 - 15,2590,7
三連単,4 → 13 → 15,7990,10
単勝,5,2460,9
複勝,5br6br3,680br360br920,9br4br11
枠連,3 - 3,12440,31
馬連,5 - 6,12500,40
ワイド,5 - 6br3 - 5br3 - 6,"3,490br6,090br4,900",41br62br51
馬単,5 → 6,26880,77
三連複,3 - 5 - 6,91350,224
三連単,5 → 6 → 3,598880,1291
単勝,13,320,2
複勝,13br1br10,170br260br640,2br5br7
枠連,1 - 8,1670,7
馬連,1 - 13,1730,7
ワイド,1 - 13br10 - 13br1 - 10,"720br1,860br2,910",8br17br28
馬単,13 → 1,2630,10
三連複,1 - 10 - 13,13270,40
三連単,13 → 1 → 10,47120,127
単勝,4,1780,8
複勝,4br5br7,620br720br360,8br9br5
枠連,2 - 3,4020,14
馬連,4 - 5,26380,51
ワイド,4 - 5br4 - 7br5 - 7,"6,320br3,230br2,610",50br35br29
馬単,4 → 5,43560,94
三連複,4 - 5 - 7,73540,170
三連単,4 → 5 → 7,471920,926
単勝,6,420,2
複勝,6br5br13,140br110br190,2br1br4
枠連,3 - 3,450,1
馬連,5 - 6,420,1
ワイド,5 - 6br6 - 13br5 - 13,190br760br420,1br9br4
馬単,6 → 5,1010,2
三連複,5 - 6 - 13,1230,3
三連単,6 → 5 → 13,6360,10
単勝,7,180,1
複勝,7br6br12,"110br150br2,310",1br2br13
枠連,4 - 4,360,2
馬連,6 - 7,360,1
ワイド,6 - 7br7 - 12br6 - 12,"210br4,280br6,200",1br34br46
馬単,7 → 6,540,1
三連複,6 - 7 - 12,14340,39
三連単,7 → 6 → 12,35050,105
単勝,16,800,4
複勝,16br13br10,330br300br680,4br3br8
枠連,7 - 8,1850,7
馬連,13 - 16,6210,17
ワイド,13 - 16br10 - 16br10 - 13,"1,710br3,790br1,350",19br36br12
馬単,16 → 13,14590,36
三連複,10 - 13 - 16,32110,71
三連単,16 → 13 → 10,167860,364
単勝,2,320,2
複勝,2br11br12,140br220br130,2br5br1
枠連,1 - 6,490,1
馬連,2 - 11,1600,4
ワイド,2 - 11br2 - 12br11 - 12,540br270br610,4br1br5
馬単,2 → 11,2700,8
三連複,2 - 11 - 12,2030,2
三連単,2 → 11 → 12,10690,15
単勝,8,340,1
複勝,8br16br2,160br750br170,1br10br2
枠連,4 - 8,4800,15
馬連,8 - 16,9340,26
ワイド,8 - 16br2 - 8br2 - 16,"2,600br360br2,980",31br1br33
馬単,8 → 16,13090,43
三連複,2 - 8 - 16,10790,36
三連単,8 → 16 → 2,63930,207
単勝,13,230,1
複勝,13br6br9,120br150br150,1br3br2
枠連,4 - 7,490,1
馬連,6 - 13,630,1
ワイド,6 - 13br9 - 13br6 - 9,240br270br610,1br2br5
馬単,13 → 6,990,1
三連複,6 - 9 - 13,1140,1
三連単,13 → 6 → 9,3930,1
単勝,13,390,2
複勝,13br12br9,180br220br480,2br3br9
枠連,7 - 7,1530,7
馬連,12 - 13,1250,2
ワイド,12 - 13br9 - 13br9 - 12,"490br1,390br2,440",2br17br37
馬単,13 → 12,2420,3
三連複,9 - 12 - 13,10660,38
三連単,13 → 12 → 9,42120,139
単勝,2,1720,6
複勝,2br4br8,320br220br220,5br3br4
枠連,2 - 4,4900,17
馬連,2 - 4,3800,13
ワイド,2 - 4br2 - 8br4 - 8,"980br1,210br750",11br14br8
馬単,2 → 4,9630,36
三連複,2 - 4 - 8,8530,30
三連単,2 → 4 → 8,68440,215
単勝,13,2200,5
複勝,13br1br4,420br910br230,5br11br2
枠連,1 - 7,12140,27
馬連,1 - 13,48070,76
ワイド,1 - 13br4 - 13br1 - 4,"9,920br1,520br2,420",76br13br23
馬単,13 → 1,121520,175
三連複,1 - 4 - 13,73030,175
三連単,13 → 1 → 4,768980,1340
単勝,1,2090,7
複勝,1br12br7,410br150br320,7br1br6
枠連,1 - 8,2220,10
馬連,1 - 12,2760,12
ワイド,1 - 12br1 - 7br7 - 12,"1,000br2,560br760",13br31br9
馬単,1 → 12,8220,34
三連複,1 - 7 - 12,8480,33
三連単,1 → 12 → 7,66090,242
単勝,12,820,6
複勝,12br5br14,320br260br310,7br5br6
枠連,3 - 6,3060,17
馬連,5 - 12,3910,19
ワイド,5 - 12br12 - 14br5 - 14,"1,400br1,330br1,990",20br16br33
馬単,12 → 5,7140,32
三連複,5 - 12 - 14,14230,64
三連単,12 → 5 → 14,76810,352
単勝,5,1680,4
複勝,5br2br7,"550br240br2,430",4br2br7
枠連,2 - 5,1960,5
馬連,2 - 5,1700,5
ワイド,2 - 5br5 - 7br2 - 7,"530br2,910br1,770",5br19br13
馬単,5 → 2,5330,15
三連複,2 - 5 - 7,11440,23
三連単,5 → 2 → 7,93560,129
単勝,4,240,1
複勝,4br5br8,170br240br790,2br5br9
枠連,4 - 4,1530,7
馬連,4 - 5,1600,7
ワイド,4 - 5br4 - 8br5 - 8,"620br1,410br2,850",7br16br28
馬単,4 → 5,2140,8
三連複,4 - 5 - 8,12530,40
三連単,4 → 5 → 8,36030,119
単勝,1,470,2
複勝,1br6br3,210br340br650,2br6br9
枠連,1 - 5,3640,12
馬連,1 - 6,3240,12
ワイド,1 - 6br1 - 3br3 - 6,"980br2,060br3,030",11br25br33
馬単,1 → 6,5010,20
三連複,1 - 3 - 6,18920,60
三連単,1 → 6 → 3,86350,284
単勝,4,1300,5
複勝,4br1br6,320br270br390,6br3br7
枠連,1 - 4,3780,11
馬連,1 - 4,3610,14
ワイド,1 - 4br4 - 6br1 - 6,"980br1,420br1,350",12br21br20
馬単,4 → 1,8980,33
三連複,1 - 4 - 6,11010,39
三連単,4 → 1 → 6,77780,241
単勝,15,1380,5
複勝,15br10br1br13,"560br790br450br1,750",5br7br4br9
枠連,5 - 8,9240,19
馬連,10 - 15,12020,26
ワイド,10 - 15br1 - 15br13 - 15br1 - 10br10 - 13,"1,400br730br2,930br1,580br4,310",22br12br38br26br46
馬単,15 → 10,26380,53
三連複,1 - 10 - 15br10 - 13 - 15,"16,150br57,040",74br153
三連単,15 → 10 → 1br15 → 10 → 13,"130,710br317,590",453br759
単勝,6,240,1
複勝,6br11br10,110br140br120,1br3br2
枠連,5 - 8,480,2
馬連,6 - 11,760,2
ワイド,6 - 11br6 - 10br10 - 11,310br240br270,4br1br2
馬単,6 → 11,970,2
三連複,6 - 10 - 11,790,1
三連単,6 → 11 → 10,2620,2
単勝,9,320,1
複勝,9br7br3,160br510br340,1br8br7
枠連,7 - 8,540,1
馬連,7 - 9,6770,25
ワイド,7 - 9br3 - 9br3 - 7,"1,980br860br3,200",23br13br32
馬単,9 → 7,9380,41
三連複,3 - 7 - 9,15850,56
三連単,9 → 7 → 3,84860,293
単勝,10,390,3
複勝,10br4br1,170br270br140,3br5br2
枠連,4 - 8,2580,9
馬連,4 - 10,2920,10
ワイド,4 - 10br1 - 10br1 - 4,810br350br500,9br3br7
馬単,10 → 4,4390,16
三連複,1 - 4 - 10,2770,10
三連単,10 → 4 → 1,17150,56
単勝,5,410,2
複勝,5br4br6,150br410br140,2br8br1
枠連,4 - 5,3610,13
馬連,4 - 5,4010,15
ワイド,4 - 5br5 - 6br4 - 6,"880br350br1,270",14br2br20
馬単,5 → 4,5430,25
三連複,4 - 5 - 6,4980,21
三連単,5 → 4 → 6,27870,114
単勝,3,630,5
複勝,3br7br5,220br130br190,6br1br5
馬連,3 - 7,1620,12
ワイド,3 - 7br3 - 5br5 - 7,540br670br450,9br15br6
馬単,3 → 7,3330,27
三連複,3 - 5 - 7,2300,12
三連単,3 → 7 → 5,15270,92
単勝,6,490,2
複勝,6br4br8,210br280br940,3br5br11
枠連,3 - 4,1540,8
馬連,4 - 6,2070,10
ワイド,4 - 6br6 - 8br4 - 8,"810br3,680br4,580",9br41br44
馬単,6 → 4,3680,15
三連複,4 - 6 - 8,29380,89
三連単,6 → 4 → 8,110680,365
単勝,4,260,1
複勝,4br6br9,140br490br310,1br9br6
枠連,2 - 3,1610,6
馬連,4 - 6,4720,18
ワイド,4 - 6br4 - 9br6 - 9,"1,680br730br3,440",18br4br40
馬単,4 → 6,6880,28
三連複,4 - 6 - 9,16310,53
三連単,4 → 6 → 9,74530,249
単勝,6,830,5
複勝,6br1br11,170br110br140,4br1br2
枠連,1 - 4,740,3
馬連,1 - 6,790,3
ワイド,1 - 6br6 - 11br1 - 11,340br610br250,3br7br1
馬単,6 → 1,2230,7
三連複,1 - 6 - 11,1160,2
三連単,6 → 1 → 11,9300,22
単勝,3,700,4
複勝,3br13br2,"360br400br3,360",6br7br13
枠連,3 - 8,4010,18
馬連,3 - 13,4230,19
ワイド,3 - 13br2 - 3br2 - 13,"1,480br10,740br12,010",18br65br70
馬単,3 → 13,6940,31
三連複,2 - 3 - 13,109460,209
三連単,3 → 13 → 2,446490,998
単勝,4,410,2
複勝,4br15br13,170br160br270,3br1br5
枠連,2 - 8,500,1
馬連,4 - 15,970,1
ワイド,4 - 15br4 - 13br13 - 15,400br820br990,2br8br13
馬単,4 → 15,2260,9
三連複,4 - 13 - 15,3220,5
三連単,4 → 15 → 13,15300,28
単勝,4,230,1
複勝,4br6br16,140br980br410,1br12br8
枠連,2 - 3,2940,12
馬連,4 - 6,5880,16
ワイド,4 - 6br4 - 16br6 - 16,"1,920br770br6,930",17br5br68
馬単,4 → 6,9890,30
三連複,4 - 6 - 16,25890,79
三連単,4 → 6 → 16,128760,374
単勝,14,580,2
複勝,14br2br9,240br600br370,3br8br6
枠連,2 - 8,640,2
馬連,2 - 14,7040,23
ワイド,2 - 14br9 - 14br2 - 9,"2,430br1,160br3,340",30br12br39
馬単,14 → 2,11350,43
三連複,2 - 9 - 14,21930,72
三連単,14 → 2 → 9,109650,360
単勝,16,540,2
複勝,16br14br6,240br190br190,5br2br1
枠連,7 - 8,870,2
馬連,14 - 16,2780,9
ワイド,14 - 16br6 - 16br6 - 14,"1,180br1,000br690",12br9br1
馬単,16 → 14,5430,24
三連複,6 - 14 - 16,5440,5
三連単,16 → 14 → 6,32190,49
単勝,9,430,2
複勝,9br12br13,170br210br710,2br3br10
枠連,6 - 8,1230,5
馬連,9 - 12,1430,4
ワイド,9 - 12br9 - 13br12 - 13,"500br2,330br3,400",3br27br34
馬単,9 → 12,2440,7
三連複,9 - 12 - 13,14680,50
三連単,9 → 12 → 13,53450,182
単勝,8,5520,13
複勝,8br10br4,"1,550br240br650",14br2br10
枠連,4 - 5,7820,28
馬連,8 - 10,22190,66
ワイド,8 - 10br4 - 8br4 - 10,"7,380br16,730br2,380",79br115br29
馬単,8 → 10,51550,150
三連複,4 - 8 - 10,147960,360
三連単,8 → 10 → 4,1240090,2482
単勝,3,280,2
複勝,3br5br7,150br180br240,2br3br5
枠連,3 - 4,630,3
馬連,3 - 5,1170,3
ワイド,3 - 5br3 - 7br5 - 7,"470br880br1,060",3br10br15
馬単,3 → 5,1930,4
三連複,3 - 5 - 7,4080,12
三連単,3 → 5 → 7,15880,41
単勝,3,180,1
複勝,3br4,130br170,1br3
馬連,3 - 4,440,2
ワイド,3 - 4br2 - 3br2 - 4,210br270br510,2br3br9
馬単,3 → 4,660,2
三連複,2 - 3 - 4,840,3
三連単,3 → 4 → 2,2620,5
単勝,13,260,1
複勝,13br1br10,140br250br340,1br4br7
枠連,1 - 7,1240,5
馬連,1 - 13,1200,2
ワイド,1 - 13br10 - 13br1 - 10,"530br680br1,520",2br4br17
馬単,13 → 1,1810,2
三連複,1 - 10 - 13,3920,7
三連単,13 → 1 → 10,14340,17
単勝,4,1360,7
複勝,4br7br5,330br310br260,7br6br4
枠連,3 - 5,1950,9
馬連,4 - 7,4510,21
ワイド,4 - 7br4 - 5br5 - 7,"1,180br1,550br1,050",15br23br13
馬単,4 → 7,10270,45
三連複,4 - 5 - 7,10830,45
三連単,4 → 7 → 5,71820,277
